{"cameraMode":{"drawMode":0,"name":"Shaded","section":"Shading Mode"},"sceneLighting":false,"audioPlay":false,"sceneViewState":{"m_AlwaysRefresh":false,"showFog":true,"showSkybox":false,"showFlares":true,"showImageEffects":true,"showParticleSystems":true,"showVisualEffectGraphs":true,"m_FxEnabled":true},"in2DMode":false,"pivot":{"x":0.1489410400390625,"y":0.4365081787109375,"z":-0.13483047485351563},"rotation":{"x":0.13975517451763154,"y":-0.8561937808990479,"z":0.30262893438339236,"w":0.395000159740448},"size":29.441272735595704,"orthographic":false}